{
  "score": 2,
  "hp": 100,
  "coreRotation": {
    "x": -0.7071034908294678,
    "y": 0.002147802384570241,
    "z": -0.0021478026174008848,
    "w": 0.7071036100387573
  },
  "cubeDataList": [
    {
      "position": {
        "x": 2.2772531509399416,
        "y": -2.586237907409668,
        "z": 8.624927520751954
      },
      "rotation": {
        "x": -0.10484738647937775,
        "y": 0.01287305261939764,
        "z": -0.002042867010459304,
        "w": 0.9944029450416565
      },
      "name": "2(Clone)"
    },
    {
      "position": {
        "x": 2.123244524002075,
        "y": -2.678790330886841,
        "z": 7.212653636932373
      },
      "rotation": {
        "x": 0.000004744443685922306,
        "y": -0.000860992877278477,
        "z": -0.0030411065090447666,
        "w": 0.9999949932098389
      },
      "name": "2(Clone)"
    },
    {
      "position": {
        "x": -0.5945830941200256,
        "y": -2.6622886657714845,
        "z": 8.54703140258789
      },
      "rotation": {
        "x": 0.000003312973376523587,
        "y": 0.000004248041932441993,
        "z": -0.003039091592654586,
        "w": 0.9999954104423523
      },
      "name": "4(Clone)"
    }
  ]
}